"match_id","stage","side","team","slot_count","win_count","slot_probability","win_probability_given_slot","win_contribution"
"M073","round_of_32","team_1","韩国",7443,3219,0.7443,0.43248690044337,0.3219
"M073","round_of_32","team_1","南非",1798,438,0.1798,0.243604004449388,0.0438
"M073","round_of_32","team_1","捷克",409,126,0.0409,0.308068459657702,0.0126
"M073","round_of_32","team_1","墨西哥",350,235,0.035,0.671428571428571,0.0235
"M073","round_of_32","team_2","瑞士",7250,4110,0.725,0.566896551724138,0.411
"M073","round_of_32","team_2","加拿大",2688,1861,0.2688,0.69233630952381,0.1861
"M073","round_of_32","team_2","波黑",61,11,0.0061,0.180327868852459,0.0011
"M073","round_of_32","team_2","卡塔尔",1,0,1e-04,0,0
"M074","round_of_32","team_1","德国",6551,5479,0.6551,0.836360860937261,0.5479
"M074","round_of_32","team_1","科特迪瓦",3093,2210,0.3093,0.714516650501132,0.221
"M074","round_of_32","team_1","厄瓜多尔",342,264,0.0342,0.771929824561403,0.0264
"M074","round_of_32","team_1","库拉索",14,1,0.0014,0.0714285714285714,1e-04
"M074","round_of_32","team_2","卡塔尔",2561,263,0.2561,0.102694260054666,0.0263
"M074","round_of_32","team_2","波黑",2126,194,0.2126,0.0912511759172154,0.0194
"M074","round_of_32","team_2","苏格兰",1843,454,0.1843,0.24633749321758,0.0454
"M074","round_of_32","team_2","韩国",888,312,0.0888,0.351351351351351,0.0312
"M074","round_of_32","team_2","巴拉圭",812,184,0.0812,0.226600985221675,0.0184
"M074","round_of_32","team_2","捷克",464,104,0.0464,0.224137931034483,0.0104
"M074","round_of_32","team_2","巴西",339,204,0.0339,0.601769911504425,0.0204
"M074","round_of_32","team_2","澳大利亚",336,139,0.0336,0.413690476190476,0.0139
"M074","round_of_32","team_2","土耳其",248,76,0.0248,0.306451612903226,0.0076
"M074","round_of_32","team_2","南非",104,27,0.0104,0.259615384615385,0.0027
"M074","round_of_32","team_2","瑞典",104,18,0.0104,0.173076923076923,0.0018
"M074","round_of_32","team_2","摩洛哥",41,21,0.0041,0.51219512195122,0.0021
"M074","round_of_32","team_2","瑞士",40,12,0.004,0.3,0.0012
"M074","round_of_32","team_2","海地",33,8,0.0033,0.242424242424242,8e-04
"M074","round_of_32","team_2","日本",26,16,0.0026,0.615384615384615,0.0016
"M074","round_of_32","team_2","荷兰",26,12,0.0026,0.461538461538462,0.0012
"M074","round_of_32","team_2","突尼斯",8,1,8e-04,0.125,1e-04
"M074","round_of_32","team_2","加拿大",1,1,1e-04,1,1e-04
"M075","round_of_32","team_1","日本",4520,2123,0.452,0.469690265486726,0.2123
"M075","round_of_32","team_1","荷兰",3924,1794,0.3924,0.457186544342508,0.1794
"M075","round_of_32","team_1","瑞典",1434,249,0.1434,0.173640167364017,0.0249
"M075","round_of_32","team_1","突尼斯",122,19,0.0122,0.155737704918033,0.0019
"M075","round_of_32","team_2","摩洛哥",6115,3876,0.6115,0.633851185609158,0.3876
"M075","round_of_32","team_2","巴西",2693,1606,0.2693,0.596360935759376,0.1606
"M075","round_of_32","team_2","苏格兰",1192,333,0.1192,0.279362416107383,0.0333
"M076","round_of_32","team_1","巴西",5989,3877,0.5989,0.647353481382535,0.3877
"M076","round_of_32","team_1","摩洛哥",3728,2567,0.3728,0.68857296137339,0.2567
"M076","round_of_32","team_1","苏格兰",283,97,0.0283,0.342756183745583,0.0097
"M076","round_of_32","team_2","荷兰",4127,1586,0.4127,0.384298521928762,0.1586
"M076","round_of_32","team_2","日本",3837,1645,0.3837,0.428720354443576,0.1645
"M076","round_of_32","team_2","瑞典",1966,222,0.1966,0.112919633774161,0.0222
"M076","round_of_32","team_2","突尼斯",70,6,0.007,0.0857142857142857,6e-04
"M077","round_of_32","team_1","法国",6396,5180,0.6396,0.809881175734834,0.518
"M077","round_of_32","team_1","挪威",3414,2290,0.3414,0.670767428236673,0.229
"M077","round_of_32","team_1","塞内加尔",175,114,0.0175,0.651428571428571,0.0114
"M077","round_of_32","team_1","伊拉克",15,8,0.0015,0.533333333333333,8e-04
"M077","round_of_32","team_2","苏格兰",2881,497,0.2881,0.172509545296772,0.0497
"M077","round_of_32","team_2","巴拉圭",2074,393,0.2074,0.189488910318226,0.0393
"M077","round_of_32","team_2","瑞典",872,121,0.0872,0.138761467889908,0.0121
"M077","round_of_32","team_2","澳大利亚",791,251,0.0791,0.3173198482933,0.0251
"M077","round_of_32","team_2","土耳其",655,149,0.0655,0.227480916030534,0.0149
"M077","round_of_32","team_2","巴西",652,310,0.0652,0.475460122699386,0.031
"M077","round_of_32","team_2","埃及",435,124,0.0435,0.285057471264368,0.0124
"M077","round_of_32","team_2","伊朗",380,142,0.038,0.373684210526316,0.0142
"M077","round_of_32","team_2","比利时",331,144,0.0331,0.435045317220544,0.0144
"M077","round_of_32","team_2","新西兰",273,40,0.0273,0.146520146520147,0.004
"M077","round_of_32","team_2","荷兰",202,77,0.0202,0.381188118811881,0.0077
"M077","round_of_32","team_2","日本",181,88,0.0181,0.486187845303867,0.0088
"M077","round_of_32","team_2","摩洛哥",81,40,0.0081,0.493827160493827,0.004
"M077","round_of_32","team_2","突尼斯",68,9,0.0068,0.132352941176471,9e-04
"M077","round_of_32","team_2","乌拉圭",35,9,0.0035,0.257142857142857,9e-04
"M077","round_of_32","team_2","佛得角",29,2,0.0029,0.0689655172413793,2e-04
"M077","round_of_32","team_2","海地",27,4,0.0027,0.148148148148148,4e-04
"M077","round_of_32","team_2","沙特阿拉伯",26,5,0.0026,0.192307692307692,5e-04
"M077","round_of_32","team_2","西班牙",7,3,7e-04,0.428571428571429,3e-04
"M078","round_of_32","team_1","科特迪瓦",5051,1985,0.5051,0.39299148683429,0.1985
"M078","round_of_32","team_1","厄瓜多尔",2553,1174,0.2553,0.459851155503329,0.1174
"M078","round_of_32","team_1","德国",2276,1299,0.2276,0.570738137082601,0.1299
"M078","round_of_32","team_1","库拉索",120,14,0.012,0.116666666666667,0.0014
"M078","round_of_32","team_2","挪威",4880,2558,0.488,0.524180327868852,0.2558
"M078","round_of_32","team_2","法国",3270,2206,0.327,0.674617737003058,0.2206
"M078","round_of_32","team_2","塞内加尔",1696,728,0.1696,0.429245283018868,0.0728
"M078","round_of_32","team_2","伊拉克",154,36,0.0154,0.233766233766234,0.0036
"M079","round_of_32","team_1","墨西哥",9650,7407,0.965,0.767564766839378,0.7407
"M079","round_of_32","team_1","韩国",350,203,0.035,0.58,0.0203
"M079","round_of_32","team_2","瑞典",1773,199,0.1773,0.112239142695995,0.0199
"M079","round_of_32","team_2","苏格兰",1401,217,0.1401,0.154889364739472,0.0217
"M079","round_of_32","team_2","塞内加尔",1219,340,0.1219,0.278917145200984,0.034
"M079","round_of_32","team_2","厄瓜多尔",1105,366,0.1105,0.331221719457014,0.0366
"M079","round_of_32","team_2","沙特阿拉伯",656,79,0.0656,0.120426829268293,0.0079
"M079","round_of_32","team_2","佛得角",502,68,0.0502,0.135458167330677,0.0068
"M079","round_of_32","team_2","乌拉圭",478,153,0.0478,0.320083682008368,0.0153
"M079","round_of_32","team_2","挪威",436,152,0.0436,0.348623853211009,0.0152
"M079","round_of_32","team_2","荷兰",400,134,0.04,0.335,0.0134
"M079","round_of_32","team_2","科特迪瓦",353,76,0.0353,0.215297450424929,0.0076
"M079","round_of_32","team_2","巴西",327,159,0.0327,0.486238532110092,0.0159
"M079","round_of_32","team_2","日本",312,117,0.0312,0.375,0.0117
"M079","round_of_32","team_2","伊拉克",260,30,0.026,0.115384615384615,0.003
"M079","round_of_32","team_2","德国",243,111,0.0243,0.45679012345679,0.0111
"M079","round_of_32","team_2","突尼斯",192,27,0.0192,0.140625,0.0027
"M079","round_of_32","team_2","西班牙",144,93,0.0144,0.645833333333333,0.0093
"M079","round_of_32","team_2","法国",81,37,0.0081,0.45679012345679,0.0037
"M079","round_of_32","team_2","库拉索",60,9,0.006,0.15,9e-04
"M079","round_of_32","team_2","摩洛哥",35,21,0.0035,0.6,0.0021
"M079","round_of_32","team_2","海地",23,2,0.0023,0.0869565217391304,2e-04
"M080","round_of_32","team_1","英格兰",9345,7171,0.9345,0.767362225789192,0.7171
"M080","round_of_32","team_1","加纳",361,92,0.0361,0.254847645429363,0.0092
"M080","round_of_32","team_1","克罗地亚",188,97,0.0188,0.515957446808511,0.0097
"M080","round_of_32","team_1","巴拿马",106,49,0.0106,0.462264150943396,0.0049
"M080","round_of_32","team_2","民主刚果",2137,379,0.2137,0.177351427234441,0.0379
"M080","round_of_32","team_2","乌兹别克斯坦",1935,379,0.1935,0.195865633074935,0.0379
"M080","round_of_32","team_2","葡萄牙",1552,551,0.1552,0.355025773195876,0.0551
"M080","round_of_32","team_2","厄瓜多尔",1440,450,0.144,0.3125,0.045
"M080","round_of_32","team_2","哥伦比亚",761,298,0.0761,0.391590013140604,0.0298
"M080","round_of_32","team_2","科特迪瓦",465,114,0.0465,0.245161290322581,0.0114
"M080","round_of_32","team_2","沙特阿拉伯",322,43,0.0322,0.133540372670807,0.0043
"M080","round_of_32","team_2","德国",314,125,0.0314,0.398089171974522,0.0125
"M080","round_of_32","team_2","佛得角",300,34,0.03,0.113333333333333,0.0034
"M080","round_of_32","team_2","乌拉圭",297,85,0.0297,0.286195286195286,0.0085
"M080","round_of_32","team_2","塞内加尔",162,44,0.0162,0.271604938271605,0.0044
"M080","round_of_32","team_2","库拉索",110,7,0.011,0.0636363636363636,7e-04
"M080","round_of_32","team_2","西班牙",80,51,0.008,0.6375,0.0051
"M080","round_of_32","team_2","挪威",62,20,0.0062,0.32258064516129,0.002
"M080","round_of_32","team_2","伊拉克",37,2,0.0037,0.0540540540540541,2e-04
"M080","round_of_32","team_2","法国",12,3,0.0012,0.25,3e-04
"M080","round_of_32","team_2","奥地利",7,3,7e-04,0.428571428571429,3e-04
"M080","round_of_32","team_2","阿尔及利亚",6,2,6e-04,0.333333333333333,2e-04
"M080","round_of_32","team_2","阿根廷",1,1,1e-04,1,1e-04
"M081","round_of_32","team_1","美国",9875,6371,0.9875,0.645164556962025,0.6371
"M081","round_of_32","team_1","澳大利亚",122,74,0.0122,0.60655737704918,0.0074
"M081","round_of_32","team_1","巴拉圭",3,0,3e-04,0,0
"M081","round_of_32","team_2","瑞典",1381,340,0.1381,0.246198406951484,0.034
"M081","round_of_32","team_2","阿尔及利亚",1274,631,0.1274,0.495290423861852,0.0631
"M081","round_of_32","team_2","卡塔尔",1242,181,0.1242,0.14573268921095,0.0181
"M081","round_of_32","team_2","奥地利",1172,526,0.1172,0.448805460750853,0.0526
"M081","round_of_32","team_2","波黑",1077,128,0.1077,0.118848653667595,0.0128
"M081","round_of_32","team_2","塞内加尔",998,430,0.0998,0.430861723446894,0.043
"M081","round_of_32","team_2","厄瓜多尔",623,316,0.0623,0.507223113964687,0.0316
"M081","round_of_32","team_2","挪威",422,216,0.0422,0.511848341232227,0.0216
"M081","round_of_32","team_2","约旦",378,100,0.0378,0.264550264550265,0.01
"M081","round_of_32","team_2","荷兰",311,175,0.0311,0.562700964630225,0.0175
"M081","round_of_32","team_2","日本",285,159,0.0285,0.557894736842105,0.0159
"M081","round_of_32","team_2","伊拉克",216,65,0.0216,0.300925925925926,0.0065
"M081","round_of_32","team_2","科特迪瓦",184,80,0.0184,0.434782608695652,0.008
"M081","round_of_32","team_2","德国",141,83,0.0141,0.588652482269504,0.0083
"M081","round_of_32","team_2","突尼斯",109,23,0.0109,0.211009174311927,0.0023
"M081","round_of_32","team_2","法国",83,52,0.0083,0.626506024096386,0.0052
"M081","round_of_32","team_2","库拉索",45,5,0.0045,0.111111111111111,5e-04
"M081","round_of_32","team_2","阿根廷",38,33,0.0038,0.868421052631579,0.0033
"M081","round_of_32","team_2","瑞士",21,12,0.0021,0.571428571428571,0.0012
"M082","round_of_32","team_1","比利时",4285,2854,0.4285,0.666044340723454,0.2854
"M082","round_of_32","team_1","伊朗",2653,1741,0.2653,0.65623822088202,0.1741
"M082","round_of_32","team_1","埃及",2422,1293,0.2422,0.533856317093311,0.1293
"M082","round_of_32","team_1","新西兰",640,196,0.064,0.30625,0.0196
"M082","round_of_32","team_2","厄瓜多尔",1280,639,0.128,0.49921875,0.0639
"M082","round_of_32","team_2","沙特阿拉伯",1226,305,0.1226,0.248776508972268,0.0305
"M082","round_of_32","team_2","塞内加尔",1168,463,0.1168,0.396404109589041,0.0463
"M082","round_of_32","team_2","佛得角",1028,229,0.1028,0.222762645914397,0.0229
"M082","round_of_32","team_2","乌拉圭",902,396,0.0902,0.439024390243902,0.0396
"M082","round_of_32","team_2","阿尔及利亚",726,362,0.0726,0.49862258953168,0.0362
"M082","round_of_32","team_2","奥地利",625,280,0.0625,0.448,0.028
"M082","round_of_32","team_2","韩国",603,218,0.0603,0.361525704809287,0.0218
"M082","round_of_32","team_2","挪威",455,233,0.0455,0.512087912087912,0.0233
"M082","round_of_32","team_2","科特迪瓦",422,180,0.0422,0.42654028436019,0.018
"M082","round_of_32","team_2","德国",302,167,0.0302,0.552980132450331,0.0167
"M082","round_of_32","team_2","捷克",298,68,0.0298,0.228187919463087,0.0068
"M082","round_of_32","team_2","西班牙",250,190,0.025,0.76,0.019
"M082","round_of_32","team_2","伊拉克",246,58,0.0246,0.235772357723577,0.0058
"M082","round_of_32","team_2","约旦",193,32,0.0193,0.16580310880829,0.0032
"M082","round_of_32","team_2","库拉索",94,8,0.0094,0.0851063829787234,8e-04
"M082","round_of_32","team_2","南非",88,23,0.0088,0.261363636363636,0.0023
"M082","round_of_32","team_2","法国",82,57,0.0082,0.695121951219512,0.0057
"M082","round_of_32","team_2","阿根廷",12,8,0.0012,0.666666666666667,8e-04
"M083","round_of_32","team_1","葡萄牙",4016,3007,0.4016,0.748754980079681,0.3007
"M083","round_of_32","team_1","民主刚果",2269,1168,0.2269,0.514764213309828,0.1168
"M083","round_of_32","team_1","哥伦比亚",2148,1630,0.2148,0.758845437616387,0.163
"M083","round_of_32","team_1","乌兹别克斯坦",1567,873,0.1567,0.557115507338864,0.0873
"M083","round_of_32","team_2","克罗地亚",5071,1991,0.5071,0.392624728850325,0.1991
"M083","round_of_32","team_2","加纳",3212,610,0.3212,0.189912826899128,0.061
"M083","round_of_32","team_2","巴拿马",1187,357,0.1187,0.300758213984836,0.0357
"M083","round_of_32","team_2","英格兰",530,364,0.053,0.686792452830189,0.0364
"M084","round_of_32","team_1","西班牙",7462,6202,0.7462,0.831144465290807,0.6202
"M084","round_of_32","team_1","乌拉圭",1640,790,0.164,0.481707317073171,0.079
"M084","round_of_32","team_1","佛得角",473,109,0.0473,0.230443974630021,0.0109
"M084","round_of_32","team_1","沙特阿拉伯",425,116,0.0425,0.272941176470588,0.0116
"M084","round_of_32","team_2","奥地利",5595,1411,0.5595,0.25218945487042,0.1411
"M084","round_of_32","team_2","阿尔及利亚",3245,862,0.3245,0.265639445300462,0.0862
"M084","round_of_32","team_2","阿根廷",897,480,0.0897,0.535117056856187,0.048
"M084","round_of_32","team_2","约旦",263,30,0.0263,0.114068441064639,0.003
"M085","round_of_32","team_1","加拿大",7311,5026,0.7311,0.687457256189304,0.5026
"M085","round_of_32","team_1","瑞士",2689,1580,0.2689,0.587579025660097,0.158
"M085","round_of_32","team_2","瑞典",1636,283,0.1636,0.172982885085575,0.0283
"M085","round_of_32","team_2","埃及",1522,513,0.1522,0.337056504599212,0.0513
"M085","round_of_32","team_2","伊朗",1306,590,0.1306,0.451761102603369,0.059
"M085","round_of_32","team_2","比利时",1143,528,0.1143,0.461942257217848,0.0528
"M085","round_of_32","team_2","新西兰",999,149,0.0999,0.149149149149149,0.0149
"M085","round_of_32","team_2","奥地利",707,249,0.0707,0.352192362093352,0.0249
"M085","round_of_32","team_2","阿尔及利亚",704,304,0.0704,0.431818181818182,0.0304
"M085","round_of_32","team_2","荷兰",394,193,0.0394,0.489847715736041,0.0193
"M085","round_of_32","team_2","日本",341,167,0.0341,0.489736070381232,0.0167
"M085","round_of_32","team_2","塞内加尔",312,127,0.0312,0.407051282051282,0.0127
"M085","round_of_32","team_2","约旦",239,50,0.0239,0.209205020920502,0.005
"M085","round_of_32","team_2","突尼斯",184,38,0.0184,0.206521739130435,0.0038
"M085","round_of_32","team_2","厄瓜多尔",176,78,0.0176,0.443181818181818,0.0078
"M085","round_of_32","team_2","挪威",108,35,0.0108,0.324074074074074,0.0035
"M085","round_of_32","team_2","伊拉克",75,9,0.0075,0.12,9e-04
"M085","round_of_32","team_2","科特迪瓦",53,28,0.0053,0.528301886792453,0.0028
"M085","round_of_32","team_2","德国",43,18,0.0043,0.418604651162791,0.0018
"M085","round_of_32","team_2","阿根廷",29,21,0.0029,0.724137931034483,0.0021
"M085","round_of_32","team_2","法国",22,14,0.0022,0.636363636363636,0.0014
"M085","round_of_32","team_2","库拉索",7,0,7e-04,0,0
"M086","round_of_32","team_1","阿根廷",9006,7481,0.9006,0.830668443260049,0.7481
"M086","round_of_32","team_1","奥地利",864,494,0.0864,0.571759259259259,0.0494
"M086","round_of_32","team_1","阿尔及利亚",116,71,0.0116,0.612068965517241,0.0071
"M086","round_of_32","team_1","约旦",14,5,0.0014,0.357142857142857,5e-04
"M086","round_of_32","team_2","乌拉圭",3916,781,0.3916,0.199438202247191,0.0781
"M086","round_of_32","team_2","佛得角",2561,135,0.2561,0.0527137836782507,0.0135
"M086","round_of_32","team_2","西班牙",1798,919,0.1798,0.511123470522803,0.0919
"M086","round_of_32","team_2","沙特阿拉伯",1725,114,0.1725,0.0660869565217391,0.0114
"M087","round_of_32","team_1","哥伦比亚",6935,5337,0.6935,0.76957462148522,0.5337
"M087","round_of_32","team_1","葡萄牙",2149,1603,0.2149,0.745928338762215,0.1603
"M087","round_of_32","team_1","民主刚果",717,388,0.0717,0.541143654114365,0.0388
"M087","round_of_32","team_1","乌兹别克斯坦",199,122,0.0199,0.613065326633166,0.0122
"M087","round_of_32","team_2","加纳",3060,416,0.306,0.135947712418301,0.0416
"M087","round_of_32","team_2","克罗地亚",1670,531,0.167,0.317964071856287,0.0531
"M087","round_of_32","team_2","巴拿马",1516,353,0.1516,0.232849604221636,0.0353
"M087","round_of_32","team_2","巴拉圭",1201,285,0.1201,0.237302248126561,0.0285
"M087","round_of_32","team_2","厄瓜多尔",501,206,0.0501,0.411177644710579,0.0206
"M087","round_of_32","team_2","澳大利亚",480,176,0.048,0.366666666666667,0.0176
"M087","round_of_32","team_2","土耳其",357,98,0.0357,0.274509803921569,0.0098
"M087","round_of_32","team_2","塞内加尔",207,78,0.0207,0.376811594202899,0.0078
"M087","round_of_32","team_2","阿尔及利亚",206,87,0.0206,0.422330097087379,0.0087
"M087","round_of_32","team_2","奥地利",187,68,0.0187,0.363636363636364,0.0068
"M087","round_of_32","team_2","科特迪瓦",163,46,0.0163,0.282208588957055,0.0046
"M087","round_of_32","team_2","德国",111,61,0.0111,0.54954954954955,0.0061
"M087","round_of_32","team_2","英格兰",109,69,0.0109,0.63302752293578,0.0069
"M087","round_of_32","team_2","挪威",82,39,0.0082,0.475609756097561,0.0039
"M087","round_of_32","team_2","约旦",61,12,0.0061,0.19672131147541,0.0012
"M087","round_of_32","team_2","伊拉克",43,9,0.0043,0.209302325581395,9e-04
"M087","round_of_32","team_2","库拉索",28,4,0.0028,0.142857142857143,4e-04
"M087","round_of_32","team_2","法国",9,5,9e-04,0.555555555555556,5e-04
"M087","round_of_32","team_2","阿根廷",9,7,9e-04,0.777777777777778,7e-04
"M088","round_of_32","team_1","澳大利亚",7475,3760,0.7475,0.503010033444816,0.376
"M088","round_of_32","team_1","巴拉圭",2400,854,0.24,0.355833333333333,0.0854
"M088","round_of_32","team_1","美国",125,66,0.0125,0.528,0.0066
"M088","round_of_32","team_2","埃及",3094,1500,0.3094,0.48480930833872,0.15
"M088","round_of_32","team_2","比利时",2954,1874,0.2954,0.63439404197698,0.1874
"M088","round_of_32","team_2","伊朗",2628,1613,0.2628,0.613774733637747,0.1613
"M088","round_of_32","team_2","新西兰",1324,333,0.1324,0.251510574018127,0.0333
"M089","round_of_16","team_1","德国",5479,2840,0.5479,0.51834276327797,0.284
"M089","round_of_16","team_1","科特迪瓦",2210,828,0.221,0.374660633484163,0.0828
"M089","round_of_16","team_1","苏格兰",454,131,0.0454,0.288546255506608,0.0131
"M089","round_of_16","team_1","韩国",312,104,0.0312,0.333333333333333,0.0104
"M089","round_of_16","team_1","厄瓜多尔",264,125,0.0264,0.473484848484849,0.0125
"M089","round_of_16","team_1","卡塔尔",263,38,0.0263,0.144486692015209,0.0038
"M089","round_of_16","team_1","巴西",204,128,0.0204,0.627450980392157,0.0128
"M089","round_of_16","team_1","波黑",194,16,0.0194,0.0824742268041237,0.0016
"M089","round_of_16","team_1","巴拉圭",184,44,0.0184,0.239130434782609,0.0044
"M089","round_of_16","team_1","澳大利亚",139,54,0.0139,0.388489208633094,0.0054
"M089","round_of_16","team_1","捷克",104,25,0.0104,0.240384615384615,0.0025
"M089","round_of_16","team_1","土耳其",76,22,0.0076,0.289473684210526,0.0022
"M089","round_of_16","team_1","南非",27,3,0.0027,0.111111111111111,3e-04
"M089","round_of_16","team_1","摩洛哥",21,16,0.0021,0.761904761904762,0.0016
"M089","round_of_16","team_1","瑞典",18,4,0.0018,0.222222222222222,4e-04
"M089","round_of_16","team_1","日本",16,6,0.0016,0.375,6e-04
"M089","round_of_16","team_1","瑞士",12,1,0.0012,0.0833333333333333,1e-04
"M089","round_of_16","team_1","荷兰",12,4,0.0012,0.333333333333333,4e-04
"M089","round_of_16","team_1","海地",8,1,8e-04,0.125,1e-04
"M089","round_of_16","team_1","加拿大",1,0,1e-04,0,0
"M089","round_of_16","team_1","库拉索",1,1,1e-04,1,1e-04
"M089","round_of_16","team_1","突尼斯",1,1,1e-04,1,1e-04
"M089","round_of_16","team_2","法国",5180,3419,0.518,0.66003861003861,0.3419
"M089","round_of_16","team_2","挪威",2290,1182,0.229,0.516157205240175,0.1182
"M089","round_of_16","team_2","苏格兰",497,141,0.0497,0.283702213279678,0.0141
"M089","round_of_16","team_2","巴拉圭",393,127,0.0393,0.323155216284987,0.0127
"M089","round_of_16","team_2","巴西",310,186,0.031,0.6,0.0186
"M089","round_of_16","team_2","澳大利亚",251,109,0.0251,0.434262948207171,0.0109
"M089","round_of_16","team_2","土耳其",149,53,0.0149,0.355704697986577,0.0053
"M089","round_of_16","team_2","比利时",144,75,0.0144,0.520833333333333,0.0075
"M089","round_of_16","team_2","伊朗",142,70,0.0142,0.492957746478873,0.007
"M089","round_of_16","team_2","埃及",124,35,0.0124,0.282258064516129,0.0035
"M089","round_of_16","team_2","瑞典",121,24,0.0121,0.198347107438017,0.0024
"M089","round_of_16","team_2","塞内加尔",114,50,0.0114,0.43859649122807,0.005
"M089","round_of_16","team_2","日本",88,49,0.0088,0.556818181818182,0.0049
"M089","round_of_16","team_2","荷兰",77,41,0.0077,0.532467532467532,0.0041
"M089","round_of_16","team_2","摩洛哥",40,23,0.004,0.575,0.0023
"M089","round_of_16","team_2","新西兰",40,9,0.004,0.225,9e-04
"M089","round_of_16","team_2","乌拉圭",9,6,9e-04,0.666666666666667,6e-04
"M089","round_of_16","team_2","突尼斯",9,3,9e-04,0.333333333333333,3e-04
"M089","round_of_16","team_2","伊拉克",8,2,8e-04,0.25,2e-04
"M089","round_of_16","team_2","沙特阿拉伯",5,1,5e-04,0.2,1e-04
"M089","round_of_16","team_2","海地",4,1,4e-04,0.25,1e-04
"M089","round_of_16","team_2","西班牙",3,2,3e-04,0.666666666666667,2e-04
"M089","round_of_16","team_2","佛得角",2,0,2e-04,0,0
"M090","round_of_16","team_1","瑞士",4110,1586,0.411,0.385888077858881,0.1586
"M090","round_of_16","team_1","韩国",3219,1083,0.3219,0.336439888164026,0.1083
"M090","round_of_16","team_1","加拿大",1861,964,0.1861,0.518001074691026,0.0964
"M090","round_of_16","team_1","南非",438,70,0.0438,0.159817351598174,0.007
"M090","round_of_16","team_1","墨西哥",235,143,0.0235,0.608510638297872,0.0143
"M090","round_of_16","team_1","捷克",126,23,0.0126,0.182539682539683,0.0023
"M090","round_of_16","team_1","波黑",11,0,0.0011,0,0
"M090","round_of_16","team_2","摩洛哥",3876,2659,0.3876,0.686016511867905,0.2659
"M090","round_of_16","team_2","日本",2123,1272,0.2123,0.599152143193594,0.1272
"M090","round_of_16","team_2","荷兰",1794,989,0.1794,0.551282051282051,0.0989
"M090","round_of_16","team_2","巴西",1606,1045,0.1606,0.650684931506849,0.1045
"M090","round_of_16","team_2","苏格兰",333,100,0.0333,0.3003003003003,0.01
"M090","round_of_16","team_2","瑞典",249,60,0.0249,0.240963855421687,0.006
"M090","round_of_16","team_2","突尼斯",19,6,0.0019,0.31578947368421,6e-04
"M091","round_of_16","team_1","巴西",3877,2402,0.3877,0.619551199380965,0.2402
"M091","round_of_16","team_1","摩洛哥",2567,1750,0.2567,0.681729645500584,0.175
"M091","round_of_16","team_1","日本",1645,946,0.1645,0.575075987841945,0.0946
"M091","round_of_16","team_1","荷兰",1586,878,0.1586,0.55359394703657,0.0878
"M091","round_of_16","team_1","瑞典",222,51,0.0222,0.22972972972973,0.0051
"M091","round_of_16","team_1","苏格兰",97,27,0.0097,0.278350515463918,0.0027
"M091","round_of_16","team_1","突尼斯",6,0,6e-04,0,0
"M091","round_of_16","team_2","挪威",2558,953,0.2558,0.372556684910086,0.0953
"M091","round_of_16","team_2","法国",2206,1199,0.2206,0.543517679057117,0.1199
"M091","round_of_16","team_2","科特迪瓦",1985,586,0.1985,0.295214105793451,0.0586
"M091","round_of_16","team_2","德国",1299,557,0.1299,0.428791377983064,0.0557
"M091","round_of_16","team_2","厄瓜多尔",1174,411,0.1174,0.350085178875639,0.0411
"M091","round_of_16","team_2","塞内加尔",728,233,0.0728,0.320054945054945,0.0233
"M091","round_of_16","team_2","伊拉克",36,7,0.0036,0.194444444444444,7e-04
"M091","round_of_16","team_2","库拉索",14,0,0.0014,0,0
"M092","round_of_16","team_1","墨西哥",7407,4225,0.7407,0.570406372350479,0.4225
"M092","round_of_16","team_1","厄瓜多尔",366,143,0.0366,0.390710382513661,0.0143
"M092","round_of_16","team_1","塞内加尔",340,118,0.034,0.347058823529412,0.0118
"M092","round_of_16","team_1","苏格兰",217,42,0.0217,0.193548387096774,0.0042
"M092","round_of_16","team_1","韩国",203,60,0.0203,0.295566502463054,0.006
"M092","round_of_16","team_1","瑞典",199,33,0.0199,0.165829145728643,0.0033
"M092","round_of_16","team_1","巴西",159,82,0.0159,0.515723270440252,0.0082
"M092","round_of_16","team_1","乌拉圭",153,62,0.0153,0.405228758169935,0.0062
"M092","round_of_16","team_1","挪威",152,64,0.0152,0.421052631578947,0.0064
"M092","round_of_16","team_1","荷兰",134,69,0.0134,0.514925373134328,0.0069
"M092","round_of_16","team_1","日本",117,56,0.0117,0.478632478632479,0.0056
"M092","round_of_16","team_1","德国",111,51,0.0111,0.45945945945946,0.0051
"M092","round_of_16","team_1","西班牙",93,67,0.0093,0.720430107526882,0.0067
"M092","round_of_16","team_1","沙特阿拉伯",79,17,0.0079,0.215189873417722,0.0017
"M092","round_of_16","team_1","科特迪瓦",76,24,0.0076,0.31578947368421,0.0024
"M092","round_of_16","team_1","佛得角",68,6,0.0068,0.0882352941176471,6e-04
"M092","round_of_16","team_1","法国",37,27,0.0037,0.72972972972973,0.0027
"M092","round_of_16","team_1","伊拉克",30,5,0.003,0.166666666666667,5e-04
"M092","round_of_16","team_1","突尼斯",27,3,0.0027,0.111111111111111,3e-04
"M092","round_of_16","team_1","摩洛哥",21,10,0.0021,0.476190476190476,0.001
"M092","round_of_16","team_1","库拉索",9,1,9e-04,0.111111111111111,1e-04
"M092","round_of_16","team_1","海地",2,1,2e-04,0.5,1e-04
"M092","round_of_16","team_2","英格兰",7171,3858,0.7171,0.53800027890113,0.3858
"M092","round_of_16","team_2","葡萄牙",551,251,0.0551,0.455535390199637,0.0251
"M092","round_of_16","team_2","厄瓜多尔",450,167,0.045,0.371111111111111,0.0167
"M092","round_of_16","team_2","乌兹别克斯坦",379,106,0.0379,0.279683377308707,0.0106
"M092","round_of_16","team_2","民主刚果",379,83,0.0379,0.218997361477573,0.0083
"M092","round_of_16","team_2","哥伦比亚",298,128,0.0298,0.429530201342282,0.0128
"M092","round_of_16","team_2","德国",125,46,0.0125,0.368,0.0046
"M092","round_of_16","team_2","科特迪瓦",114,39,0.0114,0.342105263157895,0.0039
"M092","round_of_16","team_2","克罗地亚",97,25,0.0097,0.257731958762887,0.0025
"M092","round_of_16","team_2","加纳",92,12,0.0092,0.130434782608696,0.0012
"M092","round_of_16","team_2","乌拉圭",85,33,0.0085,0.388235294117647,0.0033
"M092","round_of_16","team_2","西班牙",51,30,0.0051,0.588235294117647,0.003
"M092","round_of_16","team_2","巴拿马",49,11,0.0049,0.224489795918367,0.0011
"M092","round_of_16","team_2","塞内加尔",44,14,0.0044,0.318181818181818,0.0014
"M092","round_of_16","team_2","沙特阿拉伯",43,6,0.0043,0.13953488372093,6e-04
"M092","round_of_16","team_2","佛得角",34,4,0.0034,0.117647058823529,4e-04
"M092","round_of_16","team_2","挪威",20,14,0.002,0.7,0.0014
"M092","round_of_16","team_2","库拉索",7,1,7e-04,0.142857142857143,1e-04
"M092","round_of_16","team_2","奥地利",3,2,3e-04,0.666666666666667,2e-04
"M092","round_of_16","team_2","法国",3,3,3e-04,1,3e-04
"M092","round_of_16","team_2","伊拉克",2,0,2e-04,0,0
"M092","round_of_16","team_2","阿尔及利亚",2,0,2e-04,0,0
"M092","round_of_16","team_2","阿根廷",1,1,1e-04,1,1e-04
"M093","round_of_16","team_1","葡萄牙",3007,1162,0.3007,0.386431659461257,0.1162
"M093","round_of_16","team_1","克罗地亚",1991,497,0.1991,0.249623304871924,0.0497
"M093","round_of_16","team_1","哥伦比亚",1630,727,0.163,0.44601226993865,0.0727
"M093","round_of_16","team_1","民主刚果",1168,221,0.1168,0.189212328767123,0.0221
"M093","round_of_16","team_1","乌兹别克斯坦",873,203,0.0873,0.232531500572738,0.0203
"M093","round_of_16","team_1","加纳",610,66,0.061,0.108196721311475,0.0066
"M093","round_of_16","team_1","英格兰",364,195,0.0364,0.535714285714286,0.0195
"M093","round_of_16","team_1","巴拿马",357,65,0.0357,0.182072829131653,0.0065
"M093","round_of_16","team_2","西班牙",6202,4924,0.6202,0.793937439535634,0.4924
"M093","round_of_16","team_2","奥地利",1411,655,0.1411,0.464209780297661,0.0655
"M093","round_of_16","team_2","阿尔及利亚",862,447,0.0862,0.518561484918794,0.0447
"M093","round_of_16","team_2","乌拉圭",790,402,0.079,0.508860759493671,0.0402
"M093","round_of_16","team_2","阿根廷",480,378,0.048,0.7875,0.0378
"M093","round_of_16","team_2","沙特阿拉伯",116,31,0.0116,0.267241379310345,0.0031
"M093","round_of_16","team_2","佛得角",109,20,0.0109,0.18348623853211,0.002
"M093","round_of_16","team_2","约旦",30,7,0.003,0.233333333333333,7e-04
"M094","round_of_16","team_1","美国",6371,3275,0.6371,0.514048030136556,0.3275
"M094","round_of_16","team_1","阿尔及利亚",631,328,0.0631,0.519809825673534,0.0328
"M094","round_of_16","team_1","奥地利",526,250,0.0526,0.475285171102662,0.025
"M094","round_of_16","team_1","塞内加尔",430,204,0.043,0.474418604651163,0.0204
"M094","round_of_16","team_1","瑞典",340,79,0.034,0.232352941176471,0.0079
"M094","round_of_16","team_1","厄瓜多尔",316,154,0.0316,0.487341772151899,0.0154
"M094","round_of_16","team_1","挪威",216,128,0.0216,0.592592592592593,0.0128
"M094","round_of_16","team_1","卡塔尔",181,29,0.0181,0.160220994475138,0.0029
"M094","round_of_16","team_1","荷兰",175,112,0.0175,0.64,0.0112
"M094","round_of_16","team_1","日本",159,97,0.0159,0.610062893081761,0.0097
"M094","round_of_16","team_1","波黑",128,14,0.0128,0.109375,0.0014
"M094","round_of_16","team_1","约旦",100,20,0.01,0.2,0.002
"M094","round_of_16","team_1","德国",83,51,0.0083,0.614457831325301,0.0051
"M094","round_of_16","team_1","科特迪瓦",80,38,0.008,0.475,0.0038
"M094","round_of_16","team_1","澳大利亚",74,40,0.0074,0.540540540540541,0.004
"M094","round_of_16","team_1","伊拉克",65,16,0.0065,0.246153846153846,0.0016
"M094","round_of_16","team_1","法国",52,36,0.0052,0.692307692307692,0.0036
"M094","round_of_16","team_1","阿根廷",33,27,0.0033,0.818181818181818,0.0027
"M094","round_of_16","team_1","突尼斯",23,5,0.0023,0.217391304347826,5e-04
"M094","round_of_16","team_1","瑞士",12,3,0.0012,0.25,3e-04
"M094","round_of_16","team_1","库拉索",5,1,5e-04,0.2,1e-04
"M094","round_of_16","team_2","比利时",2854,1649,0.2854,0.577785564120533,0.1649
"M094","round_of_16","team_2","伊朗",1741,991,0.1741,0.569213095921884,0.0991
"M094","round_of_16","team_2","埃及",1293,538,0.1293,0.416086620262954,0.0538
"M094","round_of_16","team_2","厄瓜多尔",639,322,0.0639,0.503912363067293,0.0322
"M094","round_of_16","team_2","塞内加尔",463,219,0.0463,0.473002159827214,0.0219
"M094","round_of_16","team_2","乌拉圭",396,189,0.0396,0.477272727272727,0.0189
"M094","round_of_16","team_2","阿尔及利亚",362,199,0.0362,0.549723756906077,0.0199
"M094","round_of_16","team_2","沙特阿拉伯",305,89,0.0305,0.291803278688525,0.0089
"M094","round_of_16","team_2","奥地利",280,156,0.028,0.557142857142857,0.0156
"M094","round_of_16","team_2","挪威",233,120,0.0233,0.515021459227468,0.012
"M094","round_of_16","team_2","佛得角",229,46,0.0229,0.200873362445415,0.0046
"M094","round_of_16","team_2","韩国",218,107,0.0218,0.490825688073394,0.0107
"M094","round_of_16","team_2","新西兰",196,48,0.0196,0.244897959183673,0.0048
"M094","round_of_16","team_2","西班牙",190,155,0.019,0.81578947368421,0.0155
"M094","round_of_16","team_2","科特迪瓦",180,77,0.018,0.427777777777778,0.0077
"M094","round_of_16","team_2","德国",167,92,0.0167,0.550898203592814,0.0092
"M094","round_of_16","team_2","捷克",68,22,0.0068,0.323529411764706,0.0022
"M094","round_of_16","team_2","伊拉克",58,13,0.0058,0.224137931034483,0.0013
"M094","round_of_16","team_2","法国",57,43,0.0057,0.754385964912281,0.0043
"M094","round_of_16","team_2","约旦",32,6,0.0032,0.1875,6e-04
"M094","round_of_16","team_2","南非",23,4,0.0023,0.173913043478261,4e-04
"M094","round_of_16","team_2","库拉索",8,1,8e-04,0.125,1e-04
"M094","round_of_16","team_2","阿根廷",8,7,8e-04,0.875,7e-04
"M095","round_of_16","team_1","阿根廷",7481,6275,0.7481,0.838791605400348,0.6275
"M095","round_of_16","team_1","西班牙",919,781,0.0919,0.849836779107726,0.0781
"M095","round_of_16","team_1","乌拉圭",781,449,0.0781,0.574903969270166,0.0449
"M095","round_of_16","team_1","奥地利",494,258,0.0494,0.522267206477733,0.0258
"M095","round_of_16","team_1","佛得角",135,47,0.0135,0.348148148148148,0.0047
"M095","round_of_16","team_1","沙特阿拉伯",114,39,0.0114,0.342105263157895,0.0039
"M095","round_of_16","team_1","阿尔及利亚",71,34,0.0071,0.47887323943662,0.0034
"M095","round_of_16","team_1","约旦",5,3,5e-04,0.6,3e-04
"M095","round_of_16","team_2","澳大利亚",3760,769,0.376,0.204521276595745,0.0769
"M095","round_of_16","team_2","比利时",1874,526,0.1874,0.28068303094984,0.0526
"M095","round_of_16","team_2","伊朗",1613,398,0.1613,0.246745195288283,0.0398
"M095","round_of_16","team_2","埃及",1500,273,0.15,0.182,0.0273
"M095","round_of_16","team_2","巴拉圭",854,107,0.0854,0.125292740046838,0.0107
"M095","round_of_16","team_2","新西兰",333,26,0.0333,0.0780780780780781,0.0026
"M095","round_of_16","team_2","美国",66,15,0.0066,0.227272727272727,0.0015
"M096","round_of_16","team_1","加拿大",5026,3022,0.5026,0.601273378432153,0.3022
"M096","round_of_16","team_1","瑞士",1580,765,0.158,0.484177215189873,0.0765
"M096","round_of_16","team_1","伊朗",590,324,0.059,0.549152542372881,0.0324
"M096","round_of_16","team_1","比利时",528,281,0.0528,0.53219696969697,0.0281
"M096","round_of_16","team_1","埃及",513,212,0.0513,0.413255360623782,0.0212
"M096","round_of_16","team_1","阿尔及利亚",304,143,0.0304,0.470394736842105,0.0143
"M096","round_of_16","team_1","瑞典",283,63,0.0283,0.222614840989399,0.0063
"M096","round_of_16","team_1","奥地利",249,115,0.0249,0.461847389558233,0.0115
"M096","round_of_16","team_1","荷兰",193,117,0.0193,0.606217616580311,0.0117
"M096","round_of_16","team_1","日本",167,92,0.0167,0.550898203592814,0.0092
"M096","round_of_16","team_1","新西兰",149,22,0.0149,0.147651006711409,0.0022
"M096","round_of_16","team_1","塞内加尔",127,63,0.0127,0.496062992125984,0.0063
"M096","round_of_16","team_1","厄瓜多尔",78,32,0.0078,0.41025641025641,0.0032
"M096","round_of_16","team_1","约旦",50,14,0.005,0.28,0.0014
"M096","round_of_16","team_1","突尼斯",38,7,0.0038,0.184210526315789,7e-04
"M096","round_of_16","team_1","挪威",35,19,0.0035,0.542857142857143,0.0019
"M096","round_of_16","team_1","科特迪瓦",28,12,0.0028,0.428571428571429,0.0012
"M096","round_of_16","team_1","阿根廷",21,17,0.0021,0.80952380952381,0.0017
"M096","round_of_16","team_1","德国",18,11,0.0018,0.611111111111111,0.0011
"M096","round_of_16","team_1","法国",14,7,0.0014,0.5,7e-04
"M096","round_of_16","team_1","伊拉克",9,3,9e-04,0.333333333333333,3e-04
"M096","round_of_16","team_2","哥伦比亚",5337,2864,0.5337,0.536631066142027,0.2864
"M096","round_of_16","team_2","葡萄牙",1603,839,0.1603,0.523393636930755,0.0839
"M096","round_of_16","team_2","克罗地亚",531,200,0.0531,0.376647834274953,0.02
"M096","round_of_16","team_2","加纳",416,56,0.0416,0.134615384615385,0.0056
"M096","round_of_16","team_2","民主刚果",388,102,0.0388,0.262886597938144,0.0102
"M096","round_of_16","team_2","巴拿马",353,90,0.0353,0.254957507082153,0.009
"M096","round_of_16","team_2","巴拉圭",285,73,0.0285,0.256140350877193,0.0073
"M096","round_of_16","team_2","厄瓜多尔",206,94,0.0206,0.45631067961165,0.0094
"M096","round_of_16","team_2","澳大利亚",176,61,0.0176,0.346590909090909,0.0061
"M096","round_of_16","team_2","乌兹别克斯坦",122,40,0.0122,0.327868852459016,0.004
"M096","round_of_16","team_2","土耳其",98,31,0.0098,0.316326530612245,0.0031
"M096","round_of_16","team_2","阿尔及利亚",87,33,0.0087,0.379310344827586,0.0033
"M096","round_of_16","team_2","塞内加尔",78,31,0.0078,0.397435897435897,0.0031
"M096","round_of_16","team_2","英格兰",69,42,0.0069,0.608695652173913,0.0042
"M096","round_of_16","team_2","奥地利",68,26,0.0068,0.382352941176471,0.0026
"M096","round_of_16","team_2","德国",61,34,0.0061,0.557377049180328,0.0034
"M096","round_of_16","team_2","科特迪瓦",46,17,0.0046,0.369565217391304,0.0017
"M096","round_of_16","team_2","挪威",39,16,0.0039,0.41025641025641,0.0016
"M096","round_of_16","team_2","约旦",12,1,0.0012,0.0833333333333333,1e-04
"M096","round_of_16","team_2","伊拉克",9,1,9e-04,0.111111111111111,1e-04
"M096","round_of_16","team_2","阿根廷",7,6,7e-04,0.857142857142857,6e-04
"M096","round_of_16","team_2","法国",5,2,5e-04,0.4,2e-04
"M096","round_of_16","team_2","库拉索",4,0,4e-04,0,0
"M097","quarter_final","team_1","法国",3419,2190,0.3419,0.640538169055279,0.219
"M097","quarter_final","team_1","德国",2840,1571,0.284,0.553169014084507,0.1571
"M097","quarter_final","team_1","挪威",1182,565,0.1182,0.478003384094755,0.0565
"M097","quarter_final","team_1","科特迪瓦",828,320,0.0828,0.386473429951691,0.032
"M097","quarter_final","team_1","巴西",314,196,0.0314,0.624203821656051,0.0196
"M097","quarter_final","team_1","苏格兰",272,63,0.0272,0.231617647058824,0.0063
"M097","quarter_final","team_1","巴拉圭",171,44,0.0171,0.257309941520468,0.0044
"M097","quarter_final","team_1","澳大利亚",163,78,0.0163,0.478527607361963,0.0078
"M097","quarter_final","team_1","厄瓜多尔",125,49,0.0125,0.392,0.0049
"M097","quarter_final","team_1","韩国",104,38,0.0104,0.365384615384615,0.0038
"M097","quarter_final","team_1","土耳其",75,26,0.0075,0.346666666666667,0.0026
"M097","quarter_final","team_1","比利时",75,39,0.0075,0.52,0.0039
"M097","quarter_final","team_1","伊朗",70,39,0.007,0.557142857142857,0.0039
"M097","quarter_final","team_1","日本",55,25,0.0055,0.454545454545455,0.0025
"M097","quarter_final","team_1","塞内加尔",50,24,0.005,0.48,0.0024
"M097","quarter_final","team_1","荷兰",45,27,0.0045,0.6,0.0027
"M097","quarter_final","team_1","摩洛哥",39,23,0.0039,0.58974358974359,0.0023
"M097","quarter_final","team_1","卡塔尔",38,1,0.0038,0.0263157894736842,1e-04
"M097","quarter_final","team_1","埃及",35,17,0.0035,0.485714285714286,0.0017
"M097","quarter_final","team_1","瑞典",28,6,0.0028,0.214285714285714,6e-04
"M097","quarter_final","team_1","捷克",25,3,0.0025,0.12,3e-04
"M097","quarter_final","team_1","波黑",16,1,0.0016,0.0625,1e-04
"M097","quarter_final","team_1","新西兰",9,2,9e-04,0.222222222222222,2e-04
"M097","quarter_final","team_1","乌拉圭",6,3,6e-04,0.5,3e-04
"M097","quarter_final","team_1","突尼斯",4,0,4e-04,0,0
"M097","quarter_final","team_1","南非",3,0,3e-04,0,0
"M097","quarter_final","team_1","伊拉克",2,0,2e-04,0,0
"M097","quarter_final","team_1","海地",2,1,2e-04,0.5,1e-04
"M097","quarter_final","team_1","西班牙",2,2,2e-04,1,2e-04
"M097","quarter_final","team_1","库拉索",1,0,1e-04,0,0
"M097","quarter_final","team_1","沙特阿拉伯",1,0,1e-04,0,0
"M097","quarter_final","team_1","瑞士",1,1,1e-04,1,1e-04
"M097","quarter_final","team_2","摩洛哥",2659,1481,0.2659,0.556976306882287,0.1481
"M097","quarter_final","team_2","瑞士",1586,592,0.1586,0.373266078184111,0.0592
"M097","quarter_final","team_2","日本",1272,624,0.1272,0.490566037735849,0.0624
"M097","quarter_final","team_2","韩国",1083,340,0.1083,0.313942751615882,0.034
"M097","quarter_final","team_2","巴西",1045,525,0.1045,0.502392344497608,0.0525
"M097","quarter_final","team_2","荷兰",989,445,0.0989,0.44994944388271,0.0445
"M097","quarter_final","team_2","加拿大",964,498,0.0964,0.516597510373444,0.0498
"M097","quarter_final","team_2","墨西哥",143,85,0.0143,0.594405594405594,0.0085
"M097","quarter_final","team_2","苏格兰",100,21,0.01,0.21,0.0021
"M097","quarter_final","team_2","南非",70,19,0.007,0.271428571428571,0.0019
"M097","quarter_final","team_2","瑞典",60,12,0.006,0.2,0.0012
"M097","quarter_final","team_2","捷克",23,4,0.0023,0.173913043478261,4e-04
"M097","quarter_final","team_2","突尼斯",6,0,6e-04,0,0
"M098","quarter_final","team_1","西班牙",4924,4074,0.4924,0.827376116978067,0.4074
"M098","quarter_final","team_1","葡萄牙",1162,683,0.1162,0.587779690189329,0.0683
"M098","quarter_final","team_1","哥伦比亚",727,445,0.0727,0.612104539202201,0.0445
"M098","quarter_final","team_1","奥地利",655,335,0.0655,0.511450381679389,0.0335
"M098","quarter_final","team_1","克罗地亚",497,222,0.0497,0.446680080482897,0.0222
"M098","quarter_final","team_1","阿尔及利亚",447,219,0.0447,0.48993288590604,0.0219
"M098","quarter_final","team_1","乌拉圭",402,188,0.0402,0.467661691542289,0.0188
"M098","quarter_final","team_1","阿根廷",378,309,0.0378,0.817460317460317,0.0309
"M098","quarter_final","team_1","民主刚果",221,77,0.0221,0.34841628959276,0.0077
"M098","quarter_final","team_1","乌兹别克斯坦",203,72,0.0203,0.354679802955665,0.0072
"M098","quarter_final","team_1","英格兰",195,134,0.0195,0.687179487179487,0.0134
"M098","quarter_final","team_1","加纳",66,16,0.0066,0.242424242424242,0.0016
"M098","quarter_final","team_1","巴拿马",65,23,0.0065,0.353846153846154,0.0023
"M098","quarter_final","team_1","沙特阿拉伯",31,4,0.0031,0.129032258064516,4e-04
"M098","quarter_final","team_1","佛得角",20,6,0.002,0.3,6e-04
"M098","quarter_final","team_1","约旦",7,1,7e-04,0.142857142857143,1e-04
"M098","quarter_final","team_2","美国",3275,1000,0.3275,0.305343511450382,0.1
"M098","quarter_final","team_2","比利时",1649,596,0.1649,0.361431170406307,0.0596
"M098","quarter_final","team_2","伊朗",991,342,0.0991,0.34510595358224,0.0342
"M098","quarter_final","team_2","埃及",538,134,0.0538,0.24907063197026,0.0134
"M098","quarter_final","team_2","阿尔及利亚",527,175,0.0527,0.332068311195446,0.0175
"M098","quarter_final","team_2","厄瓜多尔",476,154,0.0476,0.323529411764706,0.0154
"M098","quarter_final","team_2","塞内加尔",423,126,0.0423,0.297872340425532,0.0126
"M098","quarter_final","team_2","奥地利",406,112,0.0406,0.275862068965517,0.0112
"M098","quarter_final","team_2","挪威",248,90,0.0248,0.362903225806452,0.009
"M098","quarter_final","team_2","乌拉圭",189,55,0.0189,0.291005291005291,0.0055
"M098","quarter_final","team_2","西班牙",155,121,0.0155,0.780645161290323,0.0121
"M098","quarter_final","team_2","德国",143,51,0.0143,0.356643356643357,0.0051
"M098","quarter_final","team_2","科特迪瓦",115,26,0.0115,0.226086956521739,0.0026
"M098","quarter_final","team_2","荷兰",112,34,0.0112,0.303571428571429,0.0034
"M098","quarter_final","team_2","韩国",107,28,0.0107,0.261682242990654,0.0028
"M098","quarter_final","team_2","日本",97,33,0.0097,0.34020618556701,0.0033
"M098","quarter_final","team_2","沙特阿拉伯",89,15,0.0089,0.168539325842697,0.0015
"M098","quarter_final","team_2","法国",79,39,0.0079,0.493670886075949,0.0039
"M098","quarter_final","team_2","瑞典",79,11,0.0079,0.139240506329114,0.0011
"M098","quarter_final","team_2","新西兰",48,3,0.0048,0.0625,3e-04
"M098","quarter_final","team_2","佛得角",46,8,0.0046,0.173913043478261,8e-04
"M098","quarter_final","team_2","澳大利亚",40,7,0.004,0.175,7e-04
"M098","quarter_final","team_2","阿根廷",34,19,0.0034,0.558823529411765,0.0019
"M098","quarter_final","team_2","伊拉克",29,4,0.0029,0.137931034482759,4e-04
"M098","quarter_final","team_2","卡塔尔",29,1,0.0029,0.0344827586206897,1e-04
"M098","quarter_final","team_2","约旦",26,1,0.0026,0.0384615384615385,1e-04
"M098","quarter_final","team_2","捷克",22,3,0.0022,0.136363636363636,3e-04
"M098","quarter_final","team_2","波黑",14,2,0.0014,0.142857142857143,2e-04
"M098","quarter_final","team_2","突尼斯",5,1,5e-04,0.2,1e-04
"M098","quarter_final","team_2","南非",4,1,4e-04,0.25,1e-04
"M098","quarter_final","team_2","瑞士",3,0,3e-04,0,0
"M098","quarter_final","team_2","库拉索",2,0,2e-04,0,0
"M099","quarter_final","team_1","巴西",2402,1219,0.2402,0.507493755203997,0.1219
"M099","quarter_final","team_1","摩洛哥",1750,965,0.175,0.551428571428571,0.0965
"M099","quarter_final","team_1","法国",1199,670,0.1199,0.558798999165972,0.067
"M099","quarter_final","team_1","挪威",953,390,0.0953,0.409233997901364,0.039
"M099","quarter_final","team_1","日本",946,443,0.0946,0.468287526427061,0.0443
"M099","quarter_final","team_1","荷兰",878,392,0.0878,0.446469248291572,0.0392
"M099","quarter_final","team_1","科特迪瓦",586,180,0.0586,0.307167235494881,0.018
"M099","quarter_final","team_1","德国",557,279,0.0557,0.500897666068223,0.0279
"M099","quarter_final","team_1","厄瓜多尔",411,167,0.0411,0.40632603406326,0.0167
"M099","quarter_final","team_1","塞内加尔",233,77,0.0233,0.330472103004292,0.0077
"M099","quarter_final","team_1","瑞典",51,8,0.0051,0.156862745098039,8e-04
"M099","quarter_final","team_1","苏格兰",27,7,0.0027,0.259259259259259,7e-04
"M099","quarter_final","team_1","伊拉克",7,3,7e-04,0.428571428571429,3e-04
"M099","quarter_final","team_2","墨西哥",4225,2284,0.4225,0.540591715976331,0.2284
"M099","quarter_final","team_2","英格兰",3858,2154,0.3858,0.558320373250389,0.2154
"M099","quarter_final","team_2","厄瓜多尔",310,117,0.031,0.37741935483871,0.0117
"M099","quarter_final","team_2","葡萄牙",251,119,0.0251,0.474103585657371,0.0119
"M099","quarter_final","team_2","塞内加尔",132,42,0.0132,0.318181818181818,0.0042
"M099","quarter_final","team_2","哥伦比亚",128,63,0.0128,0.4921875,0.0063
"M099","quarter_final","team_2","乌兹别克斯坦",106,35,0.0106,0.330188679245283,0.0035
"M099","quarter_final","team_2","德国",97,53,0.0097,0.54639175257732,0.0053
"M099","quarter_final","team_2","西班牙",97,68,0.0097,0.701030927835051,0.0068
"M099","quarter_final","team_2","乌拉圭",95,25,0.0095,0.263157894736842,0.0025
"M099","quarter_final","team_2","民主刚果",83,22,0.0083,0.265060240963855,0.0022
"M099","quarter_final","team_2","巴西",82,44,0.0082,0.536585365853659,0.0044
"M099","quarter_final","team_2","挪威",78,29,0.0078,0.371794871794872,0.0029
"M099","quarter_final","team_2","荷兰",69,33,0.0069,0.478260869565217,0.0033
"M099","quarter_final","team_2","科特迪瓦",63,16,0.0063,0.253968253968254,0.0016
"M099","quarter_final","team_2","韩国",60,14,0.006,0.233333333333333,0.0014
"M099","quarter_final","team_2","日本",56,25,0.0056,0.446428571428571,0.0025
"M099","quarter_final","team_2","苏格兰",42,12,0.0042,0.285714285714286,0.0012
"M099","quarter_final","team_2","瑞典",33,10,0.0033,0.303030303030303,0.001
"M099","quarter_final","team_2","法国",30,18,0.003,0.6,0.0018
"M099","quarter_final","team_2","克罗地亚",25,4,0.0025,0.16,4e-04
"M099","quarter_final","team_2","沙特阿拉伯",23,3,0.0023,0.130434782608696,3e-04
"M099","quarter_final","team_2","加纳",12,1,0.0012,0.0833333333333333,1e-04
"M099","quarter_final","team_2","巴拿马",11,0,0.0011,0,0
"M099","quarter_final","team_2","佛得角",10,1,0.001,0.1,1e-04
"M099","quarter_final","team_2","摩洛哥",10,6,0.001,0.6,6e-04
"M099","quarter_final","team_2","伊拉克",5,1,5e-04,0.2,1e-04
"M099","quarter_final","team_2","突尼斯",3,0,3e-04,0,0
"M099","quarter_final","team_2","奥地利",2,1,2e-04,0.5,1e-04
"M099","quarter_final","team_2","库拉索",2,0,2e-04,0,0
"M099","quarter_final","team_2","海地",1,0,1e-04,0,0
"M099","quarter_final","team_2","阿根廷",1,0,1e-04,0,0
"M100","quarter_final","team_1","阿根廷",6275,4860,0.6275,0.774501992031873,0.486
"M100","quarter_final","team_1","西班牙",781,627,0.0781,0.802816901408451,0.0627
"M100","quarter_final","team_1","澳大利亚",769,292,0.0769,0.379713914174252,0.0292
"M100","quarter_final","team_1","比利时",526,292,0.0526,0.555133079847909,0.0292
"M100","quarter_final","team_1","乌拉圭",449,192,0.0449,0.427616926503341,0.0192
"M100","quarter_final","team_1","伊朗",398,199,0.0398,0.5,0.0199
"M100","quarter_final","team_1","埃及",273,112,0.0273,0.41025641025641,0.0112
"M100","quarter_final","team_1","奥地利",258,111,0.0258,0.430232558139535,0.0111
"M100","quarter_final","team_1","巴拉圭",107,31,0.0107,0.289719626168224,0.0031
"M100","quarter_final","team_1","佛得角",47,11,0.0047,0.234042553191489,0.0011
"M100","quarter_final","team_1","沙特阿拉伯",39,7,0.0039,0.17948717948718,7e-04
"M100","quarter_final","team_1","阿尔及利亚",34,13,0.0034,0.382352941176471,0.0013
"M100","quarter_final","team_1","新西兰",26,3,0.0026,0.115384615384615,3e-04
"M100","quarter_final","team_1","美国",15,7,0.0015,0.466666666666667,7e-04
"M100","quarter_final","team_1","约旦",3,0,3e-04,0,0
"M100","quarter_final","team_2","加拿大",3022,1093,0.3022,0.36168100595632,0.1093
"M100","quarter_final","team_2","哥伦比亚",2864,1011,0.2864,0.353002793296089,0.1011
"M100","quarter_final","team_2","葡萄牙",839,271,0.0839,0.32300357568534,0.0271
"M100","quarter_final","team_2","瑞士",765,190,0.0765,0.248366013071895,0.019
"M100","quarter_final","team_2","伊朗",324,108,0.0324,0.333333333333333,0.0108
"M100","quarter_final","team_2","比利时",281,98,0.0281,0.348754448398576,0.0098
"M100","quarter_final","team_2","埃及",212,46,0.0212,0.216981132075472,0.0046
"M100","quarter_final","team_2","克罗地亚",200,53,0.02,0.265,0.0053
"M100","quarter_final","team_2","阿尔及利亚",176,54,0.0176,0.306818181818182,0.0054
"M100","quarter_final","team_2","奥地利",141,25,0.0141,0.177304964539007,0.0025
"M100","quarter_final","team_2","厄瓜多尔",126,34,0.0126,0.26984126984127,0.0034
"M100","quarter_final","team_2","荷兰",117,42,0.0117,0.358974358974359,0.0042
"M100","quarter_final","team_2","民主刚果",102,14,0.0102,0.137254901960784,0.0014
"M100","quarter_final","team_2","塞内加尔",94,22,0.0094,0.234042553191489,0.0022
"M100","quarter_final","team_2","日本",92,36,0.0092,0.391304347826087,0.0036
"M100","quarter_final","team_2","巴拿马",90,18,0.009,0.2,0.0018
"M100","quarter_final","team_2","巴拉圭",73,9,0.0073,0.123287671232877,9e-04
"M100","quarter_final","team_2","瑞典",63,8,0.0063,0.126984126984127,8e-04
"M100","quarter_final","team_2","澳大利亚",61,14,0.0061,0.229508196721311,0.0014
"M100","quarter_final","team_2","加纳",56,5,0.0056,0.0892857142857143,5e-04
"M100","quarter_final","team_2","德国",45,18,0.0045,0.4,0.0018
"M100","quarter_final","team_2","英格兰",42,19,0.0042,0.452380952380952,0.0019
"M100","quarter_final","team_2","乌兹别克斯坦",40,4,0.004,0.1,4e-04
"M100","quarter_final","team_2","挪威",35,6,0.0035,0.171428571428571,6e-04
"M100","quarter_final","team_2","土耳其",31,9,0.0031,0.290322580645161,9e-04
"M100","quarter_final","team_2","科特迪瓦",29,9,0.0029,0.310344827586207,9e-04
"M100","quarter_final","team_2","阿根廷",23,17,0.0023,0.739130434782609,0.0017
"M100","quarter_final","team_2","新西兰",22,4,0.0022,0.181818181818182,4e-04
"M100","quarter_final","team_2","约旦",15,0,0.0015,0,0
"M100","quarter_final","team_2","法国",9,5,9e-04,0.555555555555556,5e-04
"M100","quarter_final","team_2","突尼斯",7,1,7e-04,0.142857142857143,1e-04
"M100","quarter_final","team_2","伊拉克",4,0,4e-04,0,0
"M101","semi_final","team_1","法国",2190,1241,0.219,0.566666666666667,0.1241
"M101","semi_final","team_1","德国",1571,721,0.1571,0.458943348185869,0.0721
"M101","semi_final","team_1","摩洛哥",1504,797,0.1504,0.529920212765957,0.0797
"M101","semi_final","team_1","巴西",721,346,0.0721,0.479889042995839,0.0346
"M101","semi_final","team_1","日本",649,313,0.0649,0.482280431432974,0.0313
"M101","semi_final","team_1","瑞士",593,216,0.0593,0.36424957841484,0.0216
"M101","semi_final","team_1","挪威",565,225,0.0565,0.398230088495575,0.0225
"M101","semi_final","team_1","加拿大",498,193,0.0498,0.387550200803213,0.0193
"M101","semi_final","team_1","荷兰",472,204,0.0472,0.432203389830508,0.0204
"M101","semi_final","team_1","韩国",378,104,0.0378,0.275132275132275,0.0104
"M101","semi_final","team_1","科特迪瓦",320,91,0.032,0.284375,0.0091
"M101","semi_final","team_1","墨西哥",85,38,0.0085,0.447058823529412,0.0038
"M101","semi_final","team_1","苏格兰",84,16,0.0084,0.19047619047619,0.0016
"M101","semi_final","team_1","澳大利亚",78,23,0.0078,0.294871794871795,0.0023
"M101","semi_final","team_1","厄瓜多尔",49,15,0.0049,0.306122448979592,0.0015
"M101","semi_final","team_1","巴拉圭",44,10,0.0044,0.227272727272727,0.001
"M101","semi_final","team_1","伊朗",39,13,0.0039,0.333333333333333,0.0013
"M101","semi_final","team_1","比利时",39,23,0.0039,0.58974358974359,0.0023
"M101","semi_final","team_1","土耳其",26,8,0.0026,0.307692307692308,8e-04
"M101","semi_final","team_1","塞内加尔",24,9,0.0024,0.375,9e-04
"M101","semi_final","team_1","南非",19,4,0.0019,0.210526315789474,4e-04
"M101","semi_final","team_1","瑞典",18,2,0.0018,0.111111111111111,2e-04
"M101","semi_final","team_1","埃及",17,7,0.0017,0.411764705882353,7e-04
"M101","semi_final","team_1","捷克",7,0,7e-04,0,0
"M101","semi_final","team_1","乌拉圭",3,0,3e-04,0,0
"M101","semi_final","team_1","新西兰",2,0,2e-04,0,0
"M101","semi_final","team_1","西班牙",2,2,2e-04,1,2e-04
"M101","semi_final","team_1","卡塔尔",1,0,1e-04,0,0
"M101","semi_final","team_1","波黑",1,0,1e-04,0,0
"M101","semi_final","team_1","海地",1,0,1e-04,0,0
"M101","semi_final","team_2","西班牙",4195,2918,0.4195,0.695589988081049,0.2918
"M101","semi_final","team_2","美国",1000,395,0.1,0.395,0.0395
"M101","semi_final","team_2","葡萄牙",683,314,0.0683,0.459736456808199,0.0314
"M101","semi_final","team_2","比利时",596,262,0.0596,0.439597315436242,0.0262
"M101","semi_final","team_2","奥地利",447,141,0.0447,0.315436241610738,0.0141
"M101","semi_final","team_2","哥伦比亚",445,210,0.0445,0.471910112359551,0.021
"M101","semi_final","team_2","阿尔及利亚",394,154,0.0394,0.390862944162437,0.0154
"M101","semi_final","team_2","伊朗",342,157,0.0342,0.45906432748538,0.0157
"M101","semi_final","team_2","阿根廷",328,242,0.0328,0.73780487804878,0.0242
"M101","semi_final","team_2","乌拉圭",243,86,0.0243,0.353909465020576,0.0086
"M101","semi_final","team_2","克罗地亚",222,67,0.0222,0.301801801801802,0.0067
"M101","semi_final","team_2","厄瓜多尔",154,61,0.0154,0.396103896103896,0.0061
"M101","semi_final","team_2","埃及",134,41,0.0134,0.305970149253731,0.0041
"M101","semi_final","team_2","英格兰",134,78,0.0134,0.582089552238806,0.0078
"M101","semi_final","team_2","塞内加尔",126,51,0.0126,0.404761904761905,0.0051
"M101","semi_final","team_2","挪威",90,39,0.009,0.433333333333333,0.0039
"M101","semi_final","team_2","民主刚果",77,22,0.0077,0.285714285714286,0.0022
"M101","semi_final","team_2","乌兹别克斯坦",72,23,0.0072,0.319444444444444,0.0023
"M101","semi_final","team_2","德国",51,23,0.0051,0.450980392156863,0.0023
"M101","semi_final","team_2","法国",39,23,0.0039,0.58974358974359,0.0023
"M101","semi_final","team_2","荷兰",34,20,0.0034,0.588235294117647,0.002
"M101","semi_final","team_2","日本",33,17,0.0033,0.515151515151515,0.0017
"M101","semi_final","team_2","韩国",28,10,0.0028,0.357142857142857,0.001
"M101","semi_final","team_2","科特迪瓦",26,7,0.0026,0.269230769230769,7e-04
"M101","semi_final","team_2","巴拿马",23,2,0.0023,0.0869565217391304,2e-04
"M101","semi_final","team_2","沙特阿拉伯",19,2,0.0019,0.105263157894737,2e-04
"M101","semi_final","team_2","加纳",16,2,0.0016,0.125,2e-04
"M101","semi_final","team_2","佛得角",14,5,0.0014,0.357142857142857,5e-04
"M101","semi_final","team_2","瑞典",11,2,0.0011,0.181818181818182,2e-04
"M101","semi_final","team_2","澳大利亚",7,3,7e-04,0.428571428571429,3e-04
"M101","semi_final","team_2","伊拉克",4,1,4e-04,0.25,1e-04
"M101","semi_final","team_2","捷克",3,0,3e-04,0,0
"M101","semi_final","team_2","新西兰",3,0,3e-04,0,0
"M101","semi_final","team_2","波黑",2,0,2e-04,0,0
"M101","semi_final","team_2","约旦",2,1,2e-04,0.5,1e-04
"M101","semi_final","team_2","南非",1,0,1e-04,0,0
"M101","semi_final","team_2","卡塔尔",1,0,1e-04,0,0
"M101","semi_final","team_2","突尼斯",1,0,1e-04,0,0
"M102","semi_final","team_1","墨西哥",2284,1100,0.2284,0.481611208406305,0.11
"M102","semi_final","team_1","英格兰",2154,1154,0.2154,0.535747446610956,0.1154
"M102","semi_final","team_1","巴西",1263,594,0.1263,0.470308788598575,0.0594
"M102","semi_final","team_1","摩洛哥",971,508,0.0971,0.523171987641607,0.0508
"M102","semi_final","team_1","法国",688,367,0.0688,0.53343023255814,0.0367
"M102","semi_final","team_1","日本",468,207,0.0468,0.442307692307692,0.0207
"M102","semi_final","team_1","荷兰",425,157,0.0425,0.369411764705882,0.0157
"M102","semi_final","team_1","挪威",419,178,0.0419,0.424821002386635,0.0178
"M102","semi_final","team_1","德国",332,142,0.0332,0.427710843373494,0.0142
"M102","semi_final","team_1","厄瓜多尔",284,103,0.0284,0.362676056338028,0.0103
"M102","semi_final","team_1","科特迪瓦",196,48,0.0196,0.244897959183673,0.0048
"M102","semi_final","team_1","塞内加尔",119,36,0.0119,0.302521008403361,0.0036
"M102","semi_final","team_1","葡萄牙",119,52,0.0119,0.436974789915966,0.0052
"M102","semi_final","team_1","西班牙",68,49,0.0068,0.720588235294118,0.0049
"M102","semi_final","team_1","哥伦比亚",63,23,0.0063,0.365079365079365,0.0023
"M102","semi_final","team_1","乌兹别克斯坦",35,6,0.0035,0.171428571428571,6e-04
"M102","semi_final","team_1","乌拉圭",25,8,0.0025,0.32,8e-04
"M102","semi_final","team_1","民主刚果",22,4,0.0022,0.181818181818182,4e-04
"M102","semi_final","team_1","苏格兰",19,2,0.0019,0.105263157894737,2e-04
"M102","semi_final","team_1","瑞典",18,1,0.0018,0.0555555555555556,1e-04
"M102","semi_final","team_1","韩国",14,2,0.0014,0.142857142857143,2e-04
"M102","semi_final","team_1","伊拉克",4,0,4e-04,0,0
"M102","semi_final","team_1","克罗地亚",4,2,4e-04,0.5,2e-04
"M102","semi_final","team_1","沙特阿拉伯",3,0,3e-04,0,0
"M102","semi_final","team_1","佛得角",1,0,1e-04,0,0
"M102","semi_final","team_1","加纳",1,0,1e-04,0,0
"M102","semi_final","team_1","奥地利",1,0,1e-04,0,0
"M102","semi_final","team_2","阿根廷",4877,3163,0.4877,0.648554439204429,0.3163
"M102","semi_final","team_2","加拿大",1093,463,0.1093,0.423604757548033,0.0463
"M102","semi_final","team_2","哥伦比亚",1011,432,0.1011,0.427299703264095,0.0432
"M102","semi_final","team_2","西班牙",627,407,0.0627,0.649122807017544,0.0407
"M102","semi_final","team_2","比利时",390,141,0.039,0.361538461538462,0.0141
"M102","semi_final","team_2","伊朗",307,112,0.0307,0.364820846905537,0.0112
"M102","semi_final","team_2","澳大利亚",306,85,0.0306,0.277777777777778,0.0085
"M102","semi_final","team_2","葡萄牙",271,117,0.0271,0.431734317343173,0.0117
"M102","semi_final","team_2","乌拉圭",192,58,0.0192,0.302083333333333,0.0058
"M102","semi_final","team_2","瑞士",190,60,0.019,0.31578947368421,0.006
"M102","semi_final","team_2","埃及",158,47,0.0158,0.29746835443038,0.0047
"M102","semi_final","team_2","奥地利",136,37,0.0136,0.272058823529412,0.0037
"M102","semi_final","team_2","阿尔及利亚",67,24,0.0067,0.358208955223881,0.0024
"M102","semi_final","team_2","克罗地亚",53,16,0.0053,0.30188679245283,0.0016
"M102","semi_final","team_2","荷兰",42,16,0.0042,0.380952380952381,0.0016
"M102","semi_final","team_2","巴拉圭",40,12,0.004,0.3,0.0012
"M102","semi_final","team_2","日本",36,15,0.0036,0.416666666666667,0.0015
"M102","semi_final","team_2","厄瓜多尔",34,11,0.0034,0.323529411764706,0.0011
"M102","semi_final","team_2","塞内加尔",22,6,0.0022,0.272727272727273,6e-04
"M102","semi_final","team_2","英格兰",19,6,0.0019,0.31578947368421,6e-04
"M102","semi_final","team_2","巴拿马",18,4,0.0018,0.222222222222222,4e-04
"M102","semi_final","team_2","德国",18,5,0.0018,0.277777777777778,5e-04
"M102","semi_final","team_2","民主刚果",14,3,0.0014,0.214285714285714,3e-04
"M102","semi_final","team_2","佛得角",11,2,0.0011,0.181818181818182,2e-04
"M102","semi_final","team_2","土耳其",9,1,9e-04,0.111111111111111,1e-04
"M102","semi_final","team_2","科特迪瓦",9,3,9e-04,0.333333333333333,3e-04
"M102","semi_final","team_2","瑞典",8,1,8e-04,0.125,1e-04
"M102","semi_final","team_2","新西兰",7,0,7e-04,0,0
"M102","semi_final","team_2","沙特阿拉伯",7,1,7e-04,0.142857142857143,1e-04
"M102","semi_final","team_2","美国",7,2,7e-04,0.285714285714286,2e-04
"M102","semi_final","team_2","挪威",6,2,6e-04,0.333333333333333,2e-04
"M102","semi_final","team_2","加纳",5,0,5e-04,0,0
"M102","semi_final","team_2","法国",5,3,5e-04,0.6,3e-04
"M102","semi_final","team_2","乌兹别克斯坦",4,2,4e-04,0.5,2e-04
"M102","semi_final","team_2","突尼斯",1,0,1e-04,0,0
"M104","final","team_1","西班牙",2920,1961,0.292,0.671575342465753,0.1961
"M104","final","team_1","法国",1264,685,0.1264,0.541930379746835,0.0685
"M104","final","team_1","摩洛哥",797,432,0.0797,0.542032622333752,0.0432
"M104","final","team_1","德国",744,318,0.0744,0.42741935483871,0.0318
"M104","final","team_1","美国",395,119,0.0395,0.30126582278481,0.0119
"M104","final","team_1","巴西",346,151,0.0346,0.436416184971098,0.0151
"M104","final","team_1","日本",330,127,0.033,0.384848484848485,0.0127
"M104","final","team_1","葡萄牙",314,125,0.0314,0.398089171974522,0.0125
"M104","final","team_1","比利时",285,123,0.0285,0.431578947368421,0.0123
"M104","final","team_1","挪威",264,100,0.0264,0.378787878787879,0.01
"M104","final","team_1","阿根廷",242,174,0.0242,0.71900826446281,0.0174
"M104","final","team_1","荷兰",224,86,0.0224,0.383928571428571,0.0086
"M104","final","team_1","瑞士",216,61,0.0216,0.282407407407407,0.0061
"M104","final","team_1","哥伦比亚",210,89,0.021,0.423809523809524,0.0089
"M104","final","team_1","加拿大",193,79,0.0193,0.409326424870466,0.0079
"M104","final","team_1","伊朗",170,67,0.017,0.394117647058824,0.0067
"M104","final","team_1","阿尔及利亚",154,56,0.0154,0.363636363636364,0.0056
"M104","final","team_1","奥地利",141,54,0.0141,0.382978723404255,0.0054
"M104","final","team_1","韩国",114,36,0.0114,0.31578947368421,0.0036
"M104","final","team_1","科特迪瓦",98,30,0.0098,0.306122448979592,0.003
"M104","final","team_1","乌拉圭",86,27,0.0086,0.313953488372093,0.0027
"M104","final","team_1","英格兰",78,43,0.0078,0.551282051282051,0.0043
"M104","final","team_1","厄瓜多尔",76,24,0.0076,0.31578947368421,0.0024
"M104","final","team_1","克罗地亚",67,18,0.0067,0.26865671641791,0.0018
"M104","final","team_1","塞内加尔",60,15,0.006,0.25,0.0015
"M104","final","team_1","埃及",48,15,0.0048,0.3125,0.0015
"M104","final","team_1","墨西哥",38,24,0.0038,0.631578947368421,0.0024
"M104","final","team_1","澳大利亚",26,9,0.0026,0.346153846153846,9e-04
"M104","final","team_1","乌兹别克斯坦",23,3,0.0023,0.130434782608696,3e-04
"M104","final","team_1","民主刚果",22,4,0.0022,0.181818181818182,4e-04
"M104","final","team_1","苏格兰",16,4,0.0016,0.25,4e-04
"M104","final","team_1","巴拉圭",10,1,0.001,0.1,1e-04
"M104","final","team_1","土耳其",8,3,8e-04,0.375,3e-04
"M104","final","team_1","佛得角",5,0,5e-04,0,0
"M104","final","team_1","南非",4,0,4e-04,0,0
"M104","final","team_1","瑞典",4,1,4e-04,0.25,1e-04
"M104","final","team_1","加纳",2,1,2e-04,0.5,1e-04
"M104","final","team_1","巴拿马",2,1,2e-04,0.5,1e-04
"M104","final","team_1","沙特阿拉伯",2,0,2e-04,0,0
"M104","final","team_1","伊拉克",1,0,1e-04,0,0
"M104","final","team_1","约旦",1,0,1e-04,0,0
"M104","final","team_2","阿根廷",3163,1969,0.3163,0.622510275055327,0.1969
"M104","final","team_2","英格兰",1160,561,0.116,0.483620689655172,0.0561
"M104","final","team_2","墨西哥",1100,498,0.11,0.452727272727273,0.0498
"M104","final","team_2","巴西",594,255,0.0594,0.429292929292929,0.0255
"M104","final","team_2","摩洛哥",508,246,0.0508,0.484251968503937,0.0246
"M104","final","team_2","加拿大",463,172,0.0463,0.371490280777538,0.0172
"M104","final","team_2","西班牙",456,311,0.0456,0.682017543859649,0.0311
"M104","final","team_2","哥伦比亚",455,175,0.0455,0.384615384615385,0.0175
"M104","final","team_2","法国",370,161,0.037,0.435135135135135,0.0161
"M104","final","team_2","日本",222,89,0.0222,0.400900900900901,0.0089
"M104","final","team_2","挪威",180,68,0.018,0.377777777777778,0.0068
"M104","final","team_2","荷兰",173,56,0.0173,0.323699421965318,0.0056
"M104","final","team_2","葡萄牙",169,69,0.0169,0.408284023668639,0.0069
"M104","final","team_2","德国",147,58,0.0147,0.394557823129252,0.0058
"M104","final","team_2","比利时",141,50,0.0141,0.354609929078014,0.005
"M104","final","team_2","厄瓜多尔",114,36,0.0114,0.31578947368421,0.0036
"M104","final","team_2","伊朗",112,45,0.0112,0.401785714285714,0.0045
"M104","final","team_2","澳大利亚",85,18,0.0085,0.211764705882353,0.0018
"M104","final","team_2","乌拉圭",66,18,0.0066,0.272727272727273,0.0018
"M104","final","team_2","瑞士",60,19,0.006,0.316666666666667,0.0019
"M104","final","team_2","科特迪瓦",51,7,0.0051,0.137254901960784,7e-04
"M104","final","team_2","埃及",47,9,0.0047,0.191489361702128,9e-04
"M104","final","team_2","塞内加尔",42,18,0.0042,0.428571428571429,0.0018
"M104","final","team_2","奥地利",37,9,0.0037,0.243243243243243,9e-04
"M104","final","team_2","阿尔及利亚",24,8,0.0024,0.333333333333333,8e-04
"M104","final","team_2","克罗地亚",18,3,0.0018,0.166666666666667,3e-04
"M104","final","team_2","巴拉圭",12,2,0.0012,0.166666666666667,2e-04
"M104","final","team_2","乌兹别克斯坦",8,2,8e-04,0.25,2e-04
"M104","final","team_2","民主刚果",7,0,7e-04,0,0
"M104","final","team_2","巴拿马",4,0,4e-04,0,0
"M104","final","team_2","佛得角",2,0,2e-04,0,0
"M104","final","team_2","瑞典",2,0,2e-04,0,0
"M104","final","team_2","美国",2,1,2e-04,0.5,1e-04
"M104","final","team_2","苏格兰",2,0,2e-04,0,0
"M104","final","team_2","韩国",2,1,2e-04,0.5,1e-04
"M104","final","team_2","土耳其",1,0,1e-04,0,0
"M104","final","team_2","沙特阿拉伯",1,0,1e-04,0,0
"M103","third_place","team_1","西班牙",1277,925,0.1277,0.724353954581049,0.0925
"M103","third_place","team_1","法国",965,553,0.0965,0.573056994818653,0.0553
"M103","third_place","team_1","德国",878,436,0.0878,0.496583143507973,0.0436
"M103","third_place","team_1","摩洛哥",707,378,0.0707,0.534653465346535,0.0378
"M103","third_place","team_1","美国",605,213,0.0605,0.352066115702479,0.0213
"M103","third_place","team_1","挪威",391,164,0.0391,0.419437340153453,0.0164
"M103","third_place","team_1","瑞士",377,129,0.0377,0.342175066312997,0.0129
"M103","third_place","team_1","巴西",375,197,0.0375,0.525333333333333,0.0197
"M103","third_place","team_1","葡萄牙",369,147,0.0369,0.398373983739837,0.0147
"M103","third_place","team_1","日本",352,157,0.0352,0.446022727272727,0.0157
"M103","third_place","team_1","比利时",350,167,0.035,0.477142857142857,0.0167
"M103","third_place","team_1","奥地利",306,114,0.0306,0.372549019607843,0.0114
"M103","third_place","team_1","加拿大",305,171,0.0305,0.560655737704918,0.0171
"M103","third_place","team_1","韩国",292,90,0.0292,0.308219178082192,0.009
"M103","third_place","team_1","荷兰",282,129,0.0282,0.457446808510638,0.0129
"M103","third_place","team_1","科特迪瓦",248,68,0.0248,0.274193548387097,0.0068
"M103","third_place","team_1","阿尔及利亚",240,86,0.024,0.358333333333333,0.0086
"M103","third_place","team_1","哥伦比亚",235,121,0.0235,0.514893617021277,0.0121
"M103","third_place","team_1","伊朗",211,82,0.0211,0.388625592417062,0.0082
"M103","third_place","team_1","乌拉圭",160,60,0.016,0.375,0.006
"M103","third_place","team_1","克罗地亚",155,49,0.0155,0.316129032258064,0.0049
"M103","third_place","team_1","厄瓜多尔",127,48,0.0127,0.377952755905512,0.0048
"M103","third_place","team_1","埃及",103,30,0.0103,0.29126213592233,0.003
"M103","third_place","team_1","塞内加尔",90,36,0.009,0.4,0.0036
"M103","third_place","team_1","阿根廷",86,59,0.0086,0.686046511627907,0.0059
"M103","third_place","team_1","苏格兰",68,11,0.0068,0.161764705882353,0.0011
"M103","third_place","team_1","澳大利亚",59,22,0.0059,0.372881355932203,0.0022
"M103","third_place","team_1","英格兰",56,34,0.0056,0.607142857142857,0.0034
"M103","third_place","team_1","民主刚果",55,13,0.0055,0.236363636363636,0.0013
"M103","third_place","team_1","乌兹别克斯坦",49,16,0.0049,0.326530612244898,0.0016
"M103","third_place","team_1","墨西哥",47,21,0.0047,0.446808510638298,0.0021
"M103","third_place","team_1","巴拉圭",34,3,0.0034,0.0882352941176471,3e-04
"M103","third_place","team_1","瑞典",25,3,0.0025,0.12,3e-04
"M103","third_place","team_1","巴拿马",21,6,0.0021,0.285714285714286,6e-04
"M103","third_place","team_1","土耳其",18,8,0.0018,0.444444444444444,8e-04
"M103","third_place","team_1","沙特阿拉伯",17,3,0.0017,0.176470588235294,3e-04
"M103","third_place","team_1","南非",16,1,0.0016,0.0625,1e-04
"M103","third_place","team_1","加纳",14,0,0.0014,0,0
"M103","third_place","team_1","捷克",10,0,0.001,0,0
"M103","third_place","team_1","佛得角",9,2,9e-04,0.222222222222222,2e-04
"M103","third_place","team_1","新西兰",5,1,5e-04,0.2,1e-04
"M103","third_place","team_1","伊拉克",3,2,3e-04,0.666666666666667,2e-04
"M103","third_place","team_1","波黑",3,0,3e-04,0,0
"M103","third_place","team_1","卡塔尔",2,1,2e-04,0.5,1e-04
"M103","third_place","team_1","海地",1,0,1e-04,0,0
"M103","third_place","team_1","突尼斯",1,0,1e-04,0,0
"M103","third_place","team_1","约旦",1,0,1e-04,0,0
"M103","third_place","team_2","阿根廷",1714,1191,0.1714,0.694865810968495,0.1191
"M103","third_place","team_2","墨西哥",1184,642,0.1184,0.54222972972973,0.0642
"M103","third_place","team_2","英格兰",1013,598,0.1013,0.590325765054294,0.0598
"M103","third_place","team_2","巴西",669,366,0.0669,0.547085201793722,0.0366
"M103","third_place","team_2","加拿大",630,305,0.063,0.484126984126984,0.0305
"M103","third_place","team_2","哥伦比亚",619,307,0.0619,0.495961227786753,0.0307
"M103","third_place","team_2","摩洛哥",463,267,0.0463,0.576673866090713,0.0267
"M103","third_place","team_2","法国",323,191,0.0323,0.591331269349845,0.0191
"M103","third_place","team_2","荷兰",294,130,0.0294,0.442176870748299,0.013
"M103","third_place","team_2","日本",282,133,0.0282,0.471631205673759,0.0133
"M103","third_place","team_2","比利时",249,103,0.0249,0.413654618473896,0.0103
"M103","third_place","team_2","挪威",245,77,0.0245,0.314285714285714,0.0077
"M103","third_place","team_2","西班牙",239,166,0.0239,0.694560669456067,0.0166
"M103","third_place","team_2","澳大利亚",221,85,0.0221,0.384615384615385,0.0085
"M103","third_place","team_2","葡萄牙",221,101,0.0221,0.457013574660633,0.0101
"M103","third_place","team_2","厄瓜多尔",204,80,0.0204,0.392156862745098,0.008
"M103","third_place","team_2","德国",203,104,0.0203,0.512315270935961,0.0104
"M103","third_place","team_2","伊朗",195,75,0.0195,0.384615384615385,0.0075
"M103","third_place","team_2","科特迪瓦",154,46,0.0154,0.298701298701299,0.0046
"M103","third_place","team_2","乌拉圭",151,50,0.0151,0.33112582781457,0.005
"M103","third_place","team_2","瑞士",130,46,0.013,0.353846153846154,0.0046
"M103","third_place","team_2","埃及",111,37,0.0111,0.333333333333333,0.0037
"M103","third_place","team_2","奥地利",100,36,0.01,0.36,0.0036
"M103","third_place","team_2","塞内加尔",99,41,0.0099,0.414141414141414,0.0041
"M103","third_place","team_2","阿尔及利亚",43,18,0.0043,0.418604651162791,0.0018
"M103","third_place","team_2","克罗地亚",39,12,0.0039,0.307692307692308,0.0012
"M103","third_place","team_2","乌兹别克斯坦",31,4,0.0031,0.129032258064516,4e-04
"M103","third_place","team_2","民主刚果",29,7,0.0029,0.241379310344828,7e-04
"M103","third_place","team_2","巴拉圭",28,6,0.0028,0.214285714285714,6e-04
"M103","third_place","team_2","瑞典",24,5,0.0024,0.208333333333333,5e-04
"M103","third_place","team_2","苏格兰",17,2,0.0017,0.117647058823529,2e-04
"M103","third_place","team_2","巴拿马",14,2,0.0014,0.142857142857143,2e-04
"M103","third_place","team_2","韩国",12,3,0.0012,0.25,3e-04
"M103","third_place","team_2","佛得角",10,0,0.001,0,0
"M103","third_place","team_2","沙特阿拉伯",9,1,9e-04,0.111111111111111,1e-04
"M103","third_place","team_2","土耳其",8,3,8e-04,0.375,3e-04
"M103","third_place","team_2","新西兰",7,1,7e-04,0.142857142857143,1e-04
"M103","third_place","team_2","加纳",6,0,6e-04,0,0
"M103","third_place","team_2","美国",5,3,5e-04,0.6,3e-04
"M103","third_place","team_2","伊拉克",4,0,4e-04,0,0
"M103","third_place","team_2","突尼斯",1,0,1e-04,0,0
